[
  {
    "bname": "Introduction to Agile Methodology",
    "author": "E. Warren",
    "genre": "Textbook",
    "bookcount": "2"
  },
  {
    "bname": "Elon Musk: Tesla, SpaceX, and the Quest for a Fantastic Future",
    "author": "Elon Musk",
    "genre": "Technology",
    "bookcount": "5"
  },
  {
    "bname": "Beginning Node. js",
    "author": "Basarat Syed",
    "genre": "Technology",
    "bookcount": "5"
  },
  {
    "bname": "Web Development with Node and Express",
    "author": "Ethan Brown",
    "genre": "Technology",
    "bookcount": "3"
  },
  {
    "bname": "Book ABC",
    "author": "Author XYZ",
    "genre": "Fiction",
    "bookcount": "23"
  },
  {
    "bname": "HelloWorld",
    "author": "HelloAuthor",
    "genre": "Hello",
    "bookcount": "100"
  },
  {
    "bname": "Make way for Noddy",
    "author": "Revanth",
    "genre": "Kids",
    "bookcount": "56"
  },
  {
    "bname": "C Programming",
    "author": "Dennis",
    "genre": "textbook",
    "bookcount": "5"
  },
  {
    "bname": "Introduction to Agile Methodology",
    "author": "Elon Musk",
    "genre": "Textbook",
    "bookcount": "99"
  },
  {
    "bname": "Introduction to Agile Methodology",
    "author": "E. Warren",
    "genre": "Textbook",
    "bookcount": "1"
  },
  { "bname": "", "author": "", "genre": "", "bookcount": "" },
  {
    "bname": "Beginning Node. js",
    "author": "Ethan Brown",
    "genre": "Technology",
    "bookcount": "7"
  }
]
